"Status","Start Time","Stop Time","Duration in ms","Parent Suite","Suite","Sub Suite","Test Class","Test Method","Name","Description"
"passed","Sat Apr 10 16:46:40 CST 2021","Sat Apr 10 16:46:40 CST 2021","0","","test_demo","TestCal","","","test_add_float[float2]",""
"passed","Sat Apr 10 16:46:40 CST 2021","Sat Apr 10 16:46:40 CST 2021","1","","test_demo","TestCal","","","test_multi_navigate[-1-1--1]",""
"passed","Sat Apr 10 16:46:40 CST 2021","Sat Apr 10 16:46:40 CST 2021","0","","test_demo","TestCal","","","test_multi_float[1.5-1.5-2.25]",""
"passed","Sat Apr 10 16:46:40 CST 2021","Sat Apr 10 16:46:40 CST 2021","0","","test_demo","TestCal","","","test_multi_int[1-3-3]",""
"passed","Sat Apr 10 16:46:40 CST 2021","Sat Apr 10 16:46:40 CST 2021","1","","test_demo","TestCal","","","test_minus_int[2-1-1]",""
"passed","Sat Apr 10 16:46:40 CST 2021","Sat Apr 10 16:46:40 CST 2021","1","","test_demo","TestCal","","","test_add_int[100-100-200]",""
"passed","Sat Apr 10 16:46:40 CST 2021","Sat Apr 10 16:46:40 CST 2021","0","","test_demo","TestCal","","","test_multi_float[2-0.3-0.6]",""
"passed","Sat Apr 10 16:46:40 CST 2021","Sat Apr 10 16:46:40 CST 2021","0","","test_demo","TestCal","","","test_multi_navigate[-1--2-2]",""
"passed","Sat Apr 10 16:46:40 CST 2021","Sat Apr 10 16:46:40 CST 2021","1","","test_demo","TestCal","","","test_div_endless[6-9-0.67]",""
"passed","Sat Apr 10 16:46:40 CST 2021","Sat Apr 10 16:46:40 CST 2021","1","","test_demo","TestCal","","","test_add_navigate[navigate1]",""
"passed","Sat Apr 10 16:46:40 CST 2021","Sat Apr 10 16:46:40 CST 2021","1","","test_demo","TestCal","","","test_div_notzero[9-3-3]",""
"passed","Sat Apr 10 16:46:40 CST 2021","Sat Apr 10 16:46:40 CST 2021","1","","test_demo","TestCal","","","test_add_navigate[navigate2]",""
"passed","Sat Apr 10 16:46:40 CST 2021","Sat Apr 10 16:46:40 CST 2021","1","","test_demo","TestCal","","","test_div_zero[2-0-0]",""
"passed","Sat Apr 10 16:46:40 CST 2021","Sat Apr 10 16:46:40 CST 2021","1","","test_demo","TestCal","","","test_add_int[1-1-2]",""
"passed","Sat Apr 10 16:46:40 CST 2021","Sat Apr 10 16:46:40 CST 2021","0","","test_demo","TestCal","","","test_multi_zero[-1-0-0]",""
"passed","Sat Apr 10 16:46:40 CST 2021","Sat Apr 10 16:46:40 CST 2021","0","","test_demo","TestCal","","","test_multi_int[2-2-4]",""
"passed","Sat Apr 10 16:46:40 CST 2021","Sat Apr 10 16:46:40 CST 2021","1","","test_demo","TestCal","","","test_minus_float[0.4-0.1-0.3]",""
"passed","Sat Apr 10 16:46:40 CST 2021","Sat Apr 10 16:46:40 CST 2021","0","","test_demo","TestCal","","","test_div_notzero[1-2-0.5]",""
"passed","Sat Apr 10 16:46:40 CST 2021","Sat Apr 10 16:46:40 CST 2021","1","","test_demo","TestCal","","","test_add_float[float1]",""
